{
	"start":	{
		"connected":	[{
				"socket":	6,
				"local_host":	"172.10.1.2",
				"local_port":	58872,
				"remote_host":	"172.10.6.2",
				"remote_port":	5201
			}],
		"version":	"iperf 3.1.3",
		"system_info":	"Linux mininet-vm 4.15.0-112-generic #113-Ubuntu SMP Thu Jul 9 23:41:39 UTC 2020 x86_64",
		"timestamp":	{
			"time":	"Mon, 07 Nov 2022 05:53:49 GMT",
			"timesecs":	1667800429
		},
		"connecting_to":	{
			"host":	"172.10.6.2",
			"port":	5201
		},
		"cookie":	"mininet-vm.1667800429.446216.64f62a4",
		"tcp_mss_default":	1448,
		"test_start":	{
			"protocol":	"TCP",
			"num_streams":	1,
			"blksize":	131072,
			"omit":	0,
			"duration":	10,
			"bytes":	0,
			"blocks":	0,
			"reverse":	0
		}
	},
	"intervals":	[{
			"streams":	[{
					"socket":	6,
					"start":	0,
					"end":	1.000307,
					"seconds":	1.000307,
					"bytes":	1322024,
					"bits_per_second":	10572947.746901,
					"retransmits":	0,
					"snd_cwnd":	199824,
					"rtt":	183816,
					"omitted":	false
				}],
			"sum":	{
				"start":	0,
				"end":	1.000307,
				"seconds":	1.000307,
				"bytes":	1322024,
				"bits_per_second":	10572947.746901,
				"retransmits":	0,
				"omitted":	false
			}
		}, {
			"streams":	[{
					"socket":	6,
					"start":	1.000307,
					"end":	2.000282,
					"seconds":	0.999975,
					"bytes":	17154640,
					"bits_per_second":	137240555.673319,
					"retransmits":	0,
					"snd_cwnd":	2822152,
					"rtt":	268905,
					"omitted":	false
				}],
			"sum":	{
				"start":	1.000307,
				"end":	2.000282,
				"seconds":	0.999975,
				"bytes":	17154640,
				"bits_per_second":	137240555.673319,
				"retransmits":	0,
				"omitted":	false
			}
		}, {
			"streams":	[{
					"socket":	6,
					"start":	2.000282,
					"end":	3.000144,
					"seconds":	0.999862,
					"bytes":	11796480,
					"bits_per_second":	94384846.792413,
					"retransmits":	0,
					"snd_cwnd":	3420176,
					"rtt":	272127,
					"omitted":	false
				}],
			"sum":	{
				"start":	2.000282,
				"end":	3.000144,
				"seconds":	0.999862,
				"bytes":	11796480,
				"bits_per_second":	94384846.792413,
				"retransmits":	0,
				"omitted":	false
			}
		}, {
			"streams":	[{
					"socket":	6,
					"start":	3.000144,
					"end":	4.000284,
					"seconds":	1.000140,
					"bytes":	11796480,
					"bits_per_second":	94358634.348154,
					"retransmits":	116,
					"snd_cwnd":	2548480,
					"rtt":	208669,
					"omitted":	false
				}],
			"sum":	{
				"start":	3.000144,
				"end":	4.000284,
				"seconds":	1.000140,
				"bytes":	11796480,
				"bits_per_second":	94358634.348154,
				"retransmits":	116,
				"omitted":	false
			}
		}, {
			"streams":	[{
					"socket":	6,
					"start":	4.000284,
					"end":	5.000175,
					"seconds":	0.999891,
					"bytes":	11796480,
					"bits_per_second":	94382123.620475,
					"retransmits":	0,
					"snd_cwnd":	2771472,
					"rtt":	227476,
					"omitted":	false
				}],
			"sum":	{
				"start":	4.000284,
				"end":	5.000175,
				"seconds":	0.999891,
				"bytes":	11796480,
				"bits_per_second":	94382123.620475,
				"retransmits":	0,
				"omitted":	false
			}
		}, {
			"streams":	[{
					"socket":	6,
					"start":	5.000175,
					"end":	6.000220,
					"seconds":	1.000045,
					"bytes":	11796480,
					"bits_per_second":	94367610.189591,
					"retransmits":	0,
					"snd_cwnd":	2959712,
					"rtt":	243695,
					"omitted":	false
				}],
			"sum":	{
				"start":	5.000175,
				"end":	6.000220,
				"seconds":	1.000045,
				"bytes":	11796480,
				"bits_per_second":	94367610.189591,
				"retransmits":	0,
				"omitted":	false
			}
		}, {
			"streams":	[{
					"socket":	6,
					"start":	6.000220,
					"end":	7.000188,
					"seconds":	0.999968,
					"bytes":	11796480,
					"bits_per_second":	94374855.096327,
					"retransmits":	0,
					"snd_cwnd":	3114648,
					"rtt":	256828,
					"omitted":	false
				}],
			"sum":	{
				"start":	6.000220,
				"end":	7.000188,
				"seconds":	0.999968,
				"bytes":	11796480,
				"bits_per_second":	94374855.096327,
				"retransmits":	0,
				"omitted":	false
			}
		}, {
			"streams":	[{
					"socket":	6,
					"start":	7.000188,
					"end":	8.000184,
					"seconds":	0.999996,
					"bytes":	11796480,
					"bits_per_second":	94372222.501550,
					"retransmits":	0,
					"snd_cwnd":	3239176,
					"rtt":	268053,
					"omitted":	false
				}],
			"sum":	{
				"start":	7.000188,
				"end":	8.000184,
				"seconds":	0.999996,
				"bytes":	11796480,
				"bits_per_second":	94372222.501550,
				"retransmits":	0,
				"omitted":	false
			}
		}, {
			"streams":	[{
					"socket":	6,
					"start":	8.000184,
					"end":	9.000177,
					"seconds":	0.999993,
					"bytes":	11796480,
					"bits_per_second":	94372492.504512,
					"retransmits":	0,
					"snd_cwnd":	3336192,
					"rtt":	276754,
					"omitted":	false
				}],
			"sum":	{
				"start":	8.000184,
				"end":	9.000177,
				"seconds":	0.999993,
				"bytes":	11796480,
				"bits_per_second":	94372492.504512,
				"retransmits":	0,
				"omitted":	false
			}
		}, {
			"streams":	[{
					"socket":	6,
					"start":	9.000177,
					"end":	10.000387,
					"seconds":	1.000210,
					"bytes":	10485760,
					"bits_per_second":	83868463.700247,
					"retransmits":	14,
					"snd_cwnd":	2645496,
					"rtt":	281473,
					"omitted":	false
				}],
			"sum":	{
				"start":	9.000177,
				"end":	10.000387,
				"seconds":	1.000210,
				"bytes":	10485760,
				"bits_per_second":	83868463.700247,
				"retransmits":	14,
				"omitted":	false
			}
		}],
	"end":	{
		"streams":	[{
				"sender":	{
					"socket":	6,
					"start":	0,
					"end":	10.000387,
					"seconds":	10.000387,
					"bytes":	111537784,
					"bits_per_second":	89226774.540034,
					"retransmits":	130,
					"max_snd_cwnd":	3420176,
					"max_rtt":	281473,
					"min_rtt":	183816,
					"mean_rtt":	248779
				},
				"receiver":	{
					"socket":	6,
					"start":	0,
					"end":	10.000387,
					"seconds":	10.000387,
					"bytes":	103529104,
					"bits_per_second":	82820078.449288
				}
			}],
		"sum_sent":	{
			"start":	0,
			"end":	10.000387,
			"seconds":	10.000387,
			"bytes":	111537784,
			"bits_per_second":	89226774.540034,
			"retransmits":	130
		},
		"sum_received":	{
			"start":	0,
			"end":	10.000387,
			"seconds":	10.000387,
			"bytes":	103529104,
			"bits_per_second":	82820078.449288
		},
		"cpu_utilization_percent":	{
			"host_total":	3.592072,
			"host_user":	0.408176,
			"host_system":	3.183896,
			"remote_total":	4.063206,
			"remote_user":	0,
			"remote_system":	4.063206
		}
	}
}
