{
	"start":	{
		"connected":	[{
				"socket":	6,
				"local_host":	"172.10.1.2",
				"local_port":	58902,
				"remote_host":	"172.10.6.2",
				"remote_port":	5201
			}],
		"version":	"iperf 3.1.3",
		"system_info":	"Linux mininet-vm 4.15.0-112-generic #113-Ubuntu SMP Thu Jul 9 23:41:39 UTC 2020 x86_64",
		"timestamp":	{
			"time":	"Mon, 07 Nov 2022 07:00:50 GMT",
			"timesecs":	1667804450
		},
		"connecting_to":	{
			"host":	"172.10.6.2",
			"port":	5201
		},
		"cookie":	"mininet-vm.1667804449.876141.4be84a7",
		"tcp_mss_default":	1448,
		"test_start":	{
			"protocol":	"TCP",
			"num_streams":	1,
			"blksize":	131072,
			"omit":	0,
			"duration":	10,
			"bytes":	0,
			"blocks":	0,
			"reverse":	0
		}
	},
	"intervals":	[{
			"streams":	[{
					"socket":	6,
					"start":	0,
					"end":	1.000374,
					"seconds":	1.000374,
					"bytes":	805088,
					"bits_per_second":	6438295.570437,
					"retransmits":	0,
					"snd_cwnd":	199824,
					"rtt":	182275,
					"omitted":	false
				}],
			"sum":	{
				"start":	0,
				"end":	1.000374,
				"seconds":	1.000374,
				"bytes":	805088,
				"bits_per_second":	6438295.570437,
				"retransmits":	0,
				"omitted":	false
			}
		}, {
			"streams":	[{
					"socket":	6,
					"start":	1.000374,
					"end":	2.000455,
					"seconds":	1.000081,
					"bytes":	16763680,
					"bits_per_second":	134098601.628258,
					"retransmits":	0,
					"snd_cwnd":	4982568,
					"rtt":	181698,
					"omitted":	false
				}],
			"sum":	{
				"start":	1.000374,
				"end":	2.000455,
				"seconds":	1.000081,
				"bytes":	16763680,
				"bits_per_second":	134098601.628258,
				"retransmits":	0,
				"omitted":	false
			}
		}, {
			"streams":	[{
					"socket":	6,
					"start":	2.000455,
					"end":	3.000176,
					"seconds":	0.999721,
					"bytes":	17039360,
					"bits_per_second":	136352915.610023,
					"retransmits":	0,
					"snd_cwnd":	15354592,
					"rtt":	688707,
					"omitted":	false
				}],
			"sum":	{
				"start":	2.000455,
				"end":	3.000176,
				"seconds":	0.999721,
				"bytes":	17039360,
				"bits_per_second":	136352915.610023,
				"retransmits":	0,
				"omitted":	false
			}
		}, {
			"streams":	[{
					"socket":	6,
					"start":	3.000176,
					"end":	4.000129,
					"seconds":	0.999953,
					"bytes":	11796480,
					"bits_per_second":	94376272.708197,
					"retransmits":	0,
					"snd_cwnd":	15354592,
					"rtt":	699253,
					"omitted":	false
				}],
			"sum":	{
				"start":	3.000176,
				"end":	4.000129,
				"seconds":	0.999953,
				"bytes":	11796480,
				"bits_per_second":	94376272.708197,
				"retransmits":	0,
				"omitted":	false
			}
		}, {
			"streams":	[{
					"socket":	6,
					"start":	4.000129,
					"end":	5.000202,
					"seconds":	1.000073,
					"bytes":	11796480,
					"bits_per_second":	94364955.502266,
					"retransmits":	0,
					"snd_cwnd":	15354592,
					"rtt":	700708,
					"omitted":	false
				}],
			"sum":	{
				"start":	4.000129,
				"end":	5.000202,
				"seconds":	1.000073,
				"bytes":	11796480,
				"bits_per_second":	94364955.502266,
				"retransmits":	0,
				"omitted":	false
			}
		}, {
			"streams":	[{
					"socket":	6,
					"start":	5.000202,
					"end":	6.000150,
					"seconds":	0.999948,
					"bytes":	11796480,
					"bits_per_second":	94376745.254952,
					"retransmits":	0,
					"snd_cwnd":	15354592,
					"rtt":	700386,
					"omitted":	false
				}],
			"sum":	{
				"start":	5.000202,
				"end":	6.000150,
				"seconds":	0.999948,
				"bytes":	11796480,
				"bits_per_second":	94376745.254952,
				"retransmits":	0,
				"omitted":	false
			}
		}, {
			"streams":	[{
					"socket":	6,
					"start":	6.000150,
					"end":	7.000226,
					"seconds":	1.000076,
					"bytes":	11796480,
					"bits_per_second":	94364663.045847,
					"retransmits":	0,
					"snd_cwnd":	15354592,
					"rtt":	700921,
					"omitted":	false
				}],
			"sum":	{
				"start":	6.000150,
				"end":	7.000226,
				"seconds":	1.000076,
				"bytes":	11796480,
				"bits_per_second":	94364663.045847,
				"retransmits":	0,
				"omitted":	false
			}
		}, {
			"streams":	[{
					"socket":	6,
					"start":	7.000226,
					"end":	8.000242,
					"seconds":	1.000016,
					"bytes":	11796480,
					"bits_per_second":	94370332.524080,
					"retransmits":	0,
					"snd_cwnd":	15354592,
					"rtt":	700831,
					"omitted":	false
				}],
			"sum":	{
				"start":	7.000226,
				"end":	8.000242,
				"seconds":	1.000016,
				"bytes":	11796480,
				"bits_per_second":	94370332.524080,
				"retransmits":	0,
				"omitted":	false
			}
		}, {
			"streams":	[{
					"socket":	6,
					"start":	8.000242,
					"end":	9.000160,
					"seconds":	0.999918,
					"bytes":	13107200,
					"bits_per_second":	104866200.705395,
					"retransmits":	0,
					"snd_cwnd":	15354592,
					"rtt":	700658,
					"omitted":	false
				}],
			"sum":	{
				"start":	8.000242,
				"end":	9.000160,
				"seconds":	0.999918,
				"bytes":	13107200,
				"bits_per_second":	104866200.705395,
				"retransmits":	0,
				"omitted":	false
			}
		}, {
			"streams":	[{
					"socket":	6,
					"start":	9.000160,
					"end":	10.000122,
					"seconds":	0.999962,
					"bytes":	11796480,
					"bits_per_second":	94375417.635623,
					"retransmits":	0,
					"snd_cwnd":	15354592,
					"rtt":	701306,
					"omitted":	false
				}],
			"sum":	{
				"start":	9.000160,
				"end":	10.000122,
				"seconds":	0.999962,
				"bytes":	11796480,
				"bits_per_second":	94375417.635623,
				"retransmits":	0,
				"omitted":	false
			}
		}],
	"end":	{
		"streams":	[{
				"sender":	{
					"socket":	6,
					"start":	0,
					"end":	10.000122,
					"seconds":	10.000122,
					"bytes":	118494208,
					"bits_per_second":	94794209.244125,
					"retransmits":	0,
					"max_snd_cwnd":	15354592,
					"max_rtt":	701306,
					"min_rtt":	181698,
					"mean_rtt":	595674
				},
				"receiver":	{
					"socket":	6,
					"start":	0,
					"end":	10.000122,
					"seconds":	10.000122,
					"bytes":	113751984,
					"bits_per_second":	91000476.354341
				}
			}],
		"sum_sent":	{
			"start":	0,
			"end":	10.000122,
			"seconds":	10.000122,
			"bytes":	118494208,
			"bits_per_second":	94794209.244125,
			"retransmits":	0
		},
		"sum_received":	{
			"start":	0,
			"end":	10.000122,
			"seconds":	10.000122,
			"bytes":	113751984,
			"bits_per_second":	91000476.354341
		},
		"cpu_utilization_percent":	{
			"host_total":	3.602511,
			"host_user":	0.571561,
			"host_system":	3.030932,
			"remote_total":	0.315153,
			"remote_user":	0,
			"remote_system":	0.315153
		}
	}
}
